topic,source,description,url,city
First Solar (FSLR): An Undervalued Solar Stock to Buy According to Analysts,Yahoo Entertainment,"We recently compiled a list of the 7 Most Undervalued Solar Stocks to Buy According to Analysts. In this article, we are going to take a look at where First ...",https://finance.yahoo.com/news/first-solar-fslr-undervalued-solar-210419349.html/,Texas
Shoals Technologies (SHLS): An Undervalued Solar Stock to Buy According to Analysts,Yahoo Entertainment,"We recently compiled a list of the 7 Most Undervalued Solar Stocks to Buy According to Analysts. In this article, we are going to take a look at where Shoals...",https://finance.yahoo.com/news/shoals-technologies-shls-undervalued-solar-211023132.html/,Texas
"Ahead of the Election, Immigrant Rights Advocates Are Preparing for the Worst",Inquest.org,"Coming months will surely bring more heartache and confusion for immigrant communities, regardless of who is president.",https://inquest.org/preparing-for-the-worst/,Texas
Book Review: 'Countdown 1960' shows parallels with this year's presidential election season,ABC News,"“Countdown 1960"" by CNN news anchor Chris Wallace is a look behind the scenes of a consequential year in U.S. politics, the latest in Wallace's popular “Countdown” histories",https://abcnews.go.com/Entertainment/wireStory/book-review-countdown-1960-shows-parallels-years-presidential-114602857,Texas
“We the People” Includes We the Incarcerated,YES! Magazine,It’s time to let all voting-age Americans influence their government.,https://www.yesmagazine.org/opinion/2024/10/18/texas-vote-jail-prison,Texas
Here’s the Roundup for the Week Ending October 4,Adweek,"Happy Friday to all who celebrate! In this week's news I didn't write up for one reason or another, we see a couple of political stories where a local journalist asks the hard questions and a longtime Tampa journalist dies after a battle with Parkinson's. Let…",https://www.adweek.com/tvspy/heres-the-roundup-for-the-week-ending-october-4/,Texas
Four apartment complexes in Texas seized by “evil” Tren de Aragua (TdA) super gang from Venezuela,Naturalnews.com,"At least four large apartment complexes in San Antonio, Tex., are now controlled by the violent Venezuelan prison gang known as Tren de Aragua (TdA), the media is reporting. Dubbed the “epitome of evil,” TdA is said to run drugs, smuggle children and commit o…",https://www.naturalnews.com/2024-10-18-four-apartment-complexes-texas-terrorized-tda-venezuela.html,Texas
Links 11/2/2024,Nakedcapitalism.com,"Our hyperactive daily links: baby 'roo on the run, Idaho Covid shot curbs, epic Spanish floods, moar China sanctions blowback, NKorea worries, UK food shortage risks, Iran warns of big Israel strike, Russia annoyed with Turkiye, American shrinking leadership …",https://www.nakedcapitalism.com/2024/11/links-11-2-2024.html,Texas
Irate MAGA hat-wearer punches elderly poll worker after refusing to remove cap: report,Raw Story,A Donald Trump supporter in Texas is facing an assault charge after he was accused of punching an election clerk who was escorting him out of a polling site for refusing to take his red “Make America Great Again” cap off.The violent incident occurred Thursday…,https://www.rawstory.com/donald-trump-2669484976/,Texas
What Really Happened Inside the ‘Patriot Pod’,The Atlantic,"In the D.C. jail where many J6ers were held, things got weird. And then Trump started listening.",https://www.theatlantic.com/podcasts/archive/2024/10/what-happened-inside-patriot-pod/680257/,Texas
Weekly Review,Harpers.org,"In Iowa, a North Liberty man was arrested for strangling a woman with the American flag.
The post Weekly Review appeared first on Harper's Magazine.",https://harpers.org/2024/10/weekly-review-bill-gates-elon-musk-vote-buying-hackers-vipers-openai-nvidia-chatbot-courtroom-funeral-pizzeria-dinosaur-tesla-dead-soon-doesnt-matter/,Texas
[Removed],[Removed],[Removed],https://removed.com,Texas
"Pentagon audit says Boeing cleaned up on Air Force parts, including soap dispensers marked up 8,000%",Yahoo Entertainment,"Boeing overcharged the Air Force nearly $1 million for spare parts on C-17 cargo planes, including an 8,000% markup for simple lavatory soap dispensers...",https://finance.yahoo.com/news/pentagon-audit-says-boeing-cleaned-183952075.html,Texas
[Removed],[Removed],[Removed],https://removed.com,Texas
Black residents in Cancer Alley try what may be a last legal defense to curb toxic pollution,Grist,"In St. James Parish, Louisiana, a zoning ordinance divides industrial development along racial lines.",http://grist.org/equity/black-residents-cancer-alley-last-legal-defense-toxic-pollution/,Texas
"Thursday, October 24, 2024",Kffhealthnews.org,,https://kffhealthnews.org/morning-briefing/thursday-october-24-2024/,Texas
North Korea-linked APT37 exploited IE zero-day in a recent attack,Securityaffairs.com,"North Korea-linked group APT37 exploited an Internet Explorer zero-day vulnerability in a supply chain attack. A North Korea-linked threat actor, tracked as APT37 (also known as RedEyes, TA-RedAnt, Reaper, ScarCruft, Group123), exploited a recent Internet Exp…",https://securityaffairs.com/169983/apt/north-korea-apt37-ie-zero-day.html,Texas
Brazil’s Polícia Federal arrested the notorious hacker USDoD,Securityaffairs.com,"Brazil’s Polícia Federal has arrested hacker USDoD, the hacker behind the National Public Data and InfraGard breaches. Brazil’s Polícia Federal (PF) announced the arrest in Belo Horizonte/MG of the notorious hacker USDoD. In August, a CrowdStrike investigatio…",https://securityaffairs.com/169914/cyber-crime/brazils-policia-federal-arrested-hacker-usdod.html,Texas
SECURITY AFFAIRS MALWARE NEWSLETTER – ROUND 16,Securityaffairs.com,Security Affairs Malware newsletter includes a collection of the best articles and research on malware in the international landscape. Security Affairs Malware newsletter includes a collection of the best articles and research on malware in the international …,https://securityaffairs.com/170047/malware/security-affairs-malware-newsletter-round-16.html,Texas
China-linked group Salt Typhoon hacked US broadband providers and breached wiretap systems,Securityaffairs.com,"China-linked APT group Salt Typhoon breached U.S. broadband providers, potentially accessing systems for lawful wiretapping and other data. China-linked APT group Salt Typhoon (also known as FamousSparrow and GhostEmperor) breached U.S. broadband providers, i…",https://securityaffairs.com/169460/apt/salt-typhoon-hacked-us-broadband-providers.html,Texas
Oregon is the new No. 1 in college football's US LBM Coaches Poll after Texas tumbles,Yahoo Entertainment,There's new in the US LBM Coaches Poll. Oregon takes over the top spot after Texas tumbles following its loss to Georgia.,https://consent.yahoo.com/v2/collectConsent?sessionId=1_cc-session_e5454cd9-4c4d-4794-ae28-867b79a9dc36,Texas
"Texas apologizes to Georgia, SEC after fans throw debris in Bulldogs' win vs Longhorns",Yahoo Entertainment,University of Texas leaders apologized Sunday for its fans throwing trash onto the field during Georgia's 30-15 win over the Longhorns on Saturday:,https://consent.yahoo.com/v2/collectConsent?sessionId=1_cc-session_73380093-10e0-4684-8c11-89f7ea6667d4,Texas
Conner Weigman injury update: Texas A&M QB reportedly available for Missouri,Yahoo Entertainment,"Texas A&M QB Conner Weigman will be in uniform and available against Missouri, according to a report from ESPN's Pete Thamel.",https://consent.yahoo.com/v2/collectConsent?sessionId=1_cc-session_05b9fa36-f64e-4ddc-9468-25bc80aa3349,Texas
Texas A&M vs. Missouri: Aggies dominate No. 9 Tigers in Conner Weigman's return,Yahoo Entertainment,Texas A&M and Missouri football teams met in a battle of ranked SEC teams on Saturday with the Aggies domating throughout.,https://consent.yahoo.com/v2/collectConsent?sessionId=1_cc-session_822e1dd6-1fa1-4cf9-befc-4a7626eb9f17,Texas
"Why OU football hopes QB Michael Hawkins Jr., Sooners' offense find footing after bye week",Yahoo Entertainment,"With an extra week to prepare for top-ranked Texas, OU is looking to make strides offensively behind Michael Hawkins Jr. after a sluggish start.",https://consent.yahoo.com/v2/collectConsent?sessionId=1_cc-session_4f9bb940-3e6c-4940-8b3f-ea1f25e7cb08,Texas
"Oil May Spike After US Election on Mideast Risk, StanChart Warns",Financial Post,"The oil market has “relaxed too quickly” over risks in the Middle East, and renewed hostilities between Israel and Iran after the US election could boost prices, according to Standard Chartered Plc.",https://financialpost.com/pmn/business-pmn/oil-may-spike-after-us-election-on-mideast-risk-stanchart-warns,Texas
Gibson Energy Declares Dividend,Financial Post,"All financial figures are in Canadian dollars unless otherwise noted CALGARY, Alberta, Oct. 29, 2024 (GLOBE NEWSWIRE) — Gibson Energy Inc. (TSX:GEI) (“Gibson” or the “Company”) announced today that its Board of Directors has approved a quarterly dividend of $…",https://financialpost.com/globe-newswire/gibson-energy-declares-dividend-5,Texas
Oil Edges Up With Focus on Middle East After Hamas Leader Death,Financial Post,"Oil edged higher, after notching its first gain in five sessions, with eyes on developments in the Middle East after the death of Hamas leader Yahya Sinwar.",https://financialpost.com/pmn/business-pmn/oil-edges-up-with-focus-on-middle-east-after-hamas-leader-death,Texas
Archrock Announces Timing for Third Quarter 2024 Results,Investing.com,Archrock Announces Timing for Third Quarter 2024 Results,https://www.investing.com/news/press-releases/archrock-announces-timing-for-third-quarter-2024-results-93CH-3693187,Texas
"Orion Group Holdings to Report Third Quarter 2024 Financial Results on Wednesday, October 30",GlobeNewswire,"Conference Call to be held Thursday, October 31, at 8:00 a.m. Central Time Conference Call to be held Thursday, October 31, at 8:00 a.m. Central Time",https://www.globenewswire.com/news-release/2024/10/10/2961184/9652/en/Orion-Group-Holdings-to-Report-Third-Quarter-2024-Financial-Results-on-Wednesday-October-30.html,Texas
Healthcare Facility Management Market Size to Achieve USD 870.75 Bn by 2034,GlobeNewswire,"The global healthcare facility management market size is calculated at USD 319.38 billion in 2024 and is expected to achieve USD 870.75 billion by 2034, representing a healthy CAGR of 10.55% from 2024 to 2034. The global healthcare facility management market …",https://www.globenewswire.com/news-release/2024/10/16/2964313/0/en/Healthcare-Facility-Management-Market-Size-to-Achieve-USD-870-75-Bn-by-2034.html,Texas
How much of your taxpayer dollars are elected officials really giving to Big Abortion?,Freerepublic.com,"Taxpayers are picking up the tab for Big Abortion in a big way — probably bigger than anything the average taxpayer would imagine. Taxpayer dollars are not only directly funding abortion, but are also paying for abortion facilities, abortion referral hotlines…",https://freerepublic.com/focus/f-news/4271420/posts,Texas
"At 50, this classic horror movie is still cinema’s ultimate nightmare",Digital Trends,Tobe Hooper's 1974 classic The Texas Chain Saw Massacre has lost none of its nightmarish power over 50 years. Here's why it's still so unsettling.,https://www.digitaltrends.com/movies/texas-chain-saw-massacre-movie-at-50/,Texas
Donald Trump's Mass Deportation Plans Would Ensnare U.S. Citizens And Tear The Country Apart,HuffPost,"Oh, you think you're safe?",https://www.huffpost.com/entry/donald-trump-mass-deportation-promise_n_6723d828e4b01f6919d97998,Texas
The 2025 Social Security COLA Falls Short: Discover 11 Best States to Retire and Offset this Gap,Freerepublic.com,This article looks at the 2025 Social Security COLA falls short: discover 11 best states to retire and offset the gap. You may skip our detailed analysis and jump to 2025 Social Security COLA Falls Short: Discover the 5 Best States to Retire and Offset the Ga…,https://freerepublic.com/focus/f-chat/4269838/posts,Texas
FirstCash Reports Record Third Quarter Operating Results; Strength in U.S. Pawn Segment Drives Record Revenue and Earnings; Declares Quarterly Cash Dividend,GlobeNewswire,"FORT WORTH, Texas, Oct. 24, 2024 (GLOBE NEWSWIRE) -- FirstCash Holdings, Inc. (“FirstCash” or the “Company”) (Nasdaq: FCFS), the leading international operator of more than 3,000 retail pawn stores and a leading provider of retail point-of-sale (“POS”) paymen…",https://www.globenewswire.com/news-release/2024/10/24/2968484/0/en/FirstCash-Reports-Record-Third-Quarter-Operating-Results-Strength-in-U-S-Pawn-Segment-Drives-Record-Revenue-and-Earnings-Declares-Quarterly-Cash-Dividend.html,Texas
How a Hidden Corner of the American West Became a Refuge For Outlaws,Lithub.com,"There were three main hideouts in what we now think of as they “Wild West,” and they were connected by what came to be known as the Outlaw Trail. It extended from Canada to Mexico, and unlike other such trails elsewhere in the US, this one, according to Charl…",https://lithub.com/how-a-hidden-corner-of-the-american-west-became-a-refuge-for-outlaws/,Texas
Big money flows to two Missouri campaigns to expand legal gambling,STLtoday.com,The campaign to approve a casino at the Lake of the Ozarks gets an additional $2 million. The sports betting measure gets another $5 million.,https://www.stltoday.com/news/local/government-politics/big-money-flows-to-two-missouri-campaigns-to-expand-legal-gambling/article_b9e4306c-84b8-11ef-b7f9-734bf0d48d1b.html,Texas
DraftKings' SWOT analysis: stock poised for growth amid regulatory shifts,Investing.com,DraftKings' SWOT analysis: stock poised for growth amid regulatory shifts,https://www.investing.com/news/company-news/draftkings-swot-analysis-stock-poised-for-growth-amid-regulatory-shifts-93CH-3679279,Texas
"Is gas worse for the climate than coal? Landmark study sets off political, industry firestorm",ABC News (AU),"For years, the mantra from the industry has been that gas is a bridge between coal and renewable energy. A landmark study has sensationally challenged that idea.",https://www.abc.net.au/news/2024-10-19/gas-emissions-worse-than-coal-study-finds/104481570,Texas
Kyiv’s hackers launched an unprecedented cyber attack on Russian state media VGTRK on Putin’s birthday,Securityaffairs.com,"Russian state media VGTRK faced a major cyberattack, which a Ukrainian source claimed was conducted by Kyiv’s hackers. A Ukrainian government source told Reuters that Kyiv’s hackers are behind the cyber attack that disrupted operations at the Russian state me…",https://securityaffairs.com/169486/cyber-warfare-2/kyivs-hackers-hit-russian-state-media.html,Texas
Security Affairs newsletter Round 492 by Pierluigi Paganini – INTERNATIONAL EDITION,Securityaffairs.com,"A new round of the weekly SecurityAffairs newsletter arrived! Every week the best security articles from Security Affairs are free in your email box. Enjoy a new round of the weekly SecurityAffairs newsletter, including the international press. WordPress Lite…",https://securityaffairs.com/169417/breaking-news/security-affairs-newsletter-round-492-by-pierluigi-paganini-international-edition.html,Texas
Google Pixel 9 supports new security features to mitigate baseband attacks,Securityaffairs.com,"Google announced that its Pixel 9 has implemented new security features, and it supports measures to mitigate baseband attacks. Pixel phones are known for their strong security features, particularly in protecting the cellular baseband, which is the processor…",https://securityaffairs.com/169402/security/google-pixel-9-mitigates-baseband-attacks.html,Texas
WordPress LiteSpeed Cache plugin flaw could allow site takeover,Securityaffairs.com,"A high-severity flaw in the WordPress LiteSpeed Cache plugin could allow attackers to execute arbitrary JavaScript code under certain conditions. A high-severity security flaw, tracked as CVE-2024-47374 (CVSS score 7.2), in the LiteSpeed Cache plugin for Word…",https://securityaffairs.com/169390/security/wordpress-litespeed-cache-plugin-flaw-site-takeover.html,Texas
A new Linux variant of FASTCash malware targets financial systems,Securityaffairs.com,"North Korea-linked actors deploy a new Linux variant of FASTCash malware to target financial systems, researcher HaxRob revealed. The cybersecurity researcher HaxRob analyzed a new variant of the FASTCash “payment switch” malware which targets Linux systems. …",https://securityaffairs.com/169860/malware/new-linux-variant-fastcash-malware-targets-financial-systems.html,Texas
Texas City Ordered to Shelter in Place After Fatal Chemical Leak,Newser,"An entire Texas city was under shelter-in-place orders after a chemical leak at an oil refinery killed two people and injured several more. Hydrogen sulfide, a colorless gas, was released into the air at the PEMEX oil refinery in Deer Park, near Houston, star…",https://www.newser.com/story/357662/chemical-leak-kills-2-in-texas-forces-city-to-shelter-in-place.html,Texas
U.S. Patriot Announces Grand Opening of Two New Store Locations,Soldiersystems.net,"U.S. Patriot will be able to better serve its military community with new storefronts at West Point, NY, and Randolph AFB, TX Lexington, KY (October 2024) – U.S. Patriot, a GALLS® company and the nation’s largest supplier of military and related high-performa…",https://soldiersystems.net/2024/10/05/u-s-patriot-announces-grand-opening-of-two-new-store-locations/,Texas
Judge Rules Sean ‘Diddy’ Combs Accuser Must Reveal Her Name Or Rape Case Will Be Tossed,Forbes,An anonymous sexual abuse accuser has been told she’ll have to be named publicly if she wants her suit against Diddy to move forward.,https://www.forbes.com/sites/maryroeloffs/2024/10/31/judge-rules-sean-diddy-combs-accuser-must-reveal-her-name-or-rape-case-will-be-tossed/,Texas
5 Reasons To Reform America’s Voting Age,Forbes,"Voters between the ages of 18 and 29 are considered especially important, with key issues such as housing, education and the job market affecting them disproportionately.",https://www.forbes.com/sites/iansimmons/2024/10/31/5-reasons-to-reform-americas-voting-age/,Texas
Cyber Defense Of Critical Infrastructure: Who Is Responsible?,Forbes,"We must reconsider our defense strategy for critical infrastructure, transitioning from an every-company-for-itself approach to a more pragmatic collective defense model.",https://www.forbes.com/councils/forbestechcouncil/2024/10/14/cyber-defense-of-critical-infrastructure-who-is-responsible/,Texas
